ticker,name,exchange,sector,industry,country,currency,source
A1CAP.IS,A1 CAPITAL YATIRIM,BIST,,,TR,TRY,borsa_istanbul
A1YEN.IS,A1 YENILENEBILIR ENERJI,BIST,,,TR,TRY,borsa_istanbul
ACSEL.IS,ACIPAYAM SELULOZ,BIST,,,TR,TRY,borsa_istanbul
ADEL.IS,ADEL KALEMCILIK,BIST,,,TR,TRY,borsa_istanbul
ADESE.IS,ADESE GAYRIMENKUL,BIST,,,TR,TRY,borsa_istanbul
ADGYO.IS,ADRA GMYO,BIST,,,TR,TRY,borsa_istanbul
AEFES.IS,ANADOLU EFES,BIST,,,TR,TRY,borsa_istanbul
AFYON.IS,AFYON CIMENTO,BIST,,,TR,TRY,borsa_istanbul
AGESA.IS,AGESA HAYAT EMEKLILIK,BIST,,,TR,TRY,borsa_istanbul
AGHOL.IS,ANADOLU GRUBU HOLDING,BIST,,,TR,TRY,borsa_istanbul
AGROT.IS,AGROTECH TEKNOLOJI,BIST,,,TR,TRY,borsa_istanbul
AHGAZ.IS,AHLATCI DOGALGAZ,BIST,,,TR,TRY,borsa_istanbul
AHSGY.IS,AHES GMYO,BIST,,,TR,TRY,borsa_istanbul
AKBNK.IS,AKBANK,BIST,,,TR,TRY,borsa_istanbul
AKCNS.IS,AKCANSA,BIST,,,TR,TRY,borsa_istanbul
AKENR.IS,AKENERJI,BIST,,,TR,TRY,borsa_istanbul
AKFGY.IS,AKFEN GMYO,BIST,,,TR,TRY,borsa_istanbul
AKFIS.IS,AKFEN INSAAT,BIST,,,TR,TRY,borsa_istanbul
AKFYE.IS,AKFEN YEN. ENERJI,BIST,,,TR,TRY,borsa_istanbul
AKGRT.IS,AKSIGORTA,BIST,,,TR,TRY,borsa_istanbul
AKSA.IS,AKSA,BIST,,,TR,TRY,borsa_istanbul
AKSEN.IS,AKSA ENERJI,BIST,,,TR,TRY,borsa_istanbul
AKSGY.IS,AKIS GMYO,BIST,,,TR,TRY,borsa_istanbul
ALARK.IS,ALARKO HOLDING,BIST,,,TR,TRY,borsa_istanbul
ALBRK.IS,ALBARAKA TURK,BIST,,,TR,TRY,borsa_istanbul
ALCAR.IS,ALARKO CARRIER,BIST,,,TR,TRY,borsa_istanbul
ALCTL.IS,ALCATEL LUCENT TELETAS,BIST,,,TR,TRY,borsa_istanbul
ALFAS.IS,ALFA SOLAR ENERJI,BIST,,,TR,TRY,borsa_istanbul
ALGYO.IS,ALARKO GMYO,BIST,,,TR,TRY,borsa_istanbul
ALKA.IS,ALKIM KAGIT,BIST,,,TR,TRY,borsa_istanbul
ALKIM.IS,ALKIM KIMYA,BIST,,,TR,TRY,borsa_istanbul
ALKLC.IS,ALTINKILIC GIDA VE SUT,BIST,,,TR,TRY,borsa_istanbul
ALTNY.IS,ALTINAY SAVUNMA,BIST,,,TR,TRY,borsa_istanbul
ALVES.IS,ALVES KABLO,BIST,,,TR,TRY,borsa_istanbul
ANELE.IS,ANEL ELEKTRIK,BIST,,,TR,TRY,borsa_istanbul
ANGEN.IS,ANATOLIA TANI VE BIYOTEKNOLOJI,BIST,,,TR,TRY,borsa_istanbul
ANHYT.IS,ANADOLU HAYAT EMEK.,BIST,,,TR,TRY,borsa_istanbul
ANSGR.IS,ANADOLU SIGORTA,BIST,,,TR,TRY,borsa_istanbul
ARASE.IS,DOGU ARAS ENERJI,BIST,,,TR,TRY,borsa_istanbul
ARCLK.IS,ARCELIK,BIST,,,TR,TRY,borsa_istanbul
ARDYZ.IS,ARD BILISIM TEKNOLOJILERI,BIST,,,TR,TRY,borsa_istanbul
ARENA.IS,ARENA BILGISAYAR,BIST,,,TR,TRY,borsa_istanbul
ARMGD.IS,ARMADA GIDA,BIST,,,TR,TRY,borsa_istanbul
ARSAN.IS,ARSAN HOLDING,BIST,,,TR,TRY,borsa_istanbul
ARTMS.IS,ARTEMIS HALI,BIST,,,TR,TRY,borsa_istanbul
ARZUM.IS,ARZUM EV ALETLERI,BIST,,,TR,TRY,borsa_istanbul
ASELS.IS,ASELSAN,BIST,,,TR,TRY,borsa_istanbul
ASGYO.IS,ASCE GMYO,BIST,,,TR,TRY,borsa_istanbul
ASTOR.IS,ASTOR ENERJI,BIST,,,TR,TRY,borsa_istanbul
ASUZU.IS,ANADOLU ISUZU,BIST,,,TR,TRY,borsa_istanbul
ATAKP.IS,ATAKEY PATATES,BIST,,,TR,TRY,borsa_istanbul
ATATP.IS,ATP YAZILIM,BIST,,,TR,TRY,borsa_istanbul
AVGYO.IS,AVRASYA GMYO,BIST,,,TR,TRY,borsa_istanbul
AVHOL.IS,AVRUPA YATIRIM HOLDING,BIST,,,TR,TRY,borsa_istanbul
AVOD.IS,A.V.O.D GIDA VE TARIM,BIST,,,TR,TRY,borsa_istanbul
AVPGY.IS,AVRUPAKENT GMYO,BIST,,,TR,TRY,borsa_istanbul
AYCES.IS,ALTINYUNUS CESME,BIST,,,TR,TRY,borsa_istanbul
AYDEM.IS,AYDEM ENERJI,BIST,,,TR,TRY,borsa_istanbul
AYEN.IS,AYEN ENERJI,BIST,,,TR,TRY,borsa_istanbul
AYGAZ.IS,AYGAZ,BIST,,,TR,TRY,borsa_istanbul
AZTEK.IS,AZTEK TEKNOLOJI,BIST,,,TR,TRY,borsa_istanbul
BAGFS.IS,BAGFAS,BIST,,,TR,TRY,borsa_istanbul
BAHKM.IS,BAHADIR KIMYA,BIST,,,TR,TRY,borsa_istanbul
BALSU.IS,BALSU GIDA,BIST,,,TR,TRY,borsa_istanbul
BANVT.IS,BANVIT,BIST,,,TR,TRY,borsa_istanbul
BARMA.IS,BAREM AMBALAJ,BIST,,,TR,TRY,borsa_istanbul
BASGZ.IS,BASKENT DOGALGAZ GMYO,BIST,,,TR,TRY,borsa_istanbul
BAYRK.IS,BAYRAK TABAN SANAYI,BIST,,,TR,TRY,borsa_istanbul
BEGYO.IS,BATI EGE GMYO,BIST,,,TR,TRY,borsa_istanbul
BERA.IS,BERA HOLDING,BIST,,,TR,TRY,borsa_istanbul
BESLR.IS,BESLER GIDA,BIST,,,TR,TRY,borsa_istanbul
BEYAZ.IS,BEYAZ FILO,BIST,,,TR,TRY,borsa_istanbul
BFREN.IS,BOSCH FREN SISTEMLERI,BIST,,,TR,TRY,borsa_istanbul
BIENY.IS,BIEN YAPI URUNLERI,BIST,,,TR,TRY,borsa_istanbul
BIGCH.IS,BUYUK SEFLER BIGCHEFS,BIST,,,TR,TRY,borsa_istanbul
BIGEN.IS,BIRLESIM GRUP ENERJI,BIST,,,TR,TRY,borsa_istanbul
BIGTK.IS,BIG MEDYA TEKNOLOJI,BIST,,,TR,TRY,borsa_istanbul
BIMAS.IS,BIM MAGAZALAR,BIST,,,TR,TRY,borsa_istanbul
BINBN.IS,BIN ULASIM TEKNOLOJILERI,BIST,,,TR,TRY,borsa_istanbul
BINHO.IS,1000 YATIRIMLAR HOL.,BIST,,,TR,TRY,borsa_istanbul
BIOEN.IS,BIOTREND CEVRE VE ENERJI,BIST,,,TR,TRY,borsa_istanbul
BJKAS.IS,BESIKTAS FUTBOL YAT.,BIST,,,TR,TRY,borsa_istanbul
BLCYT.IS,BILICI YATIRIM,BIST,,,TR,TRY,borsa_istanbul
BLUME.IS,BLUME METAL KIMYA,BIST,,,TR,TRY,borsa_istanbul
BMSCH.IS,BMS CELIK HASIR,BIST,,,TR,TRY,borsa_istanbul
BMSTL.IS,BMS BIRLESIK METAL,BIST,,,TR,TRY,borsa_istanbul
BNTAS.IS,BANTAS AMBALAJ,BIST,,,TR,TRY,borsa_istanbul
BOBET.IS,BOGAZICI BETON SANAYI,BIST,,,TR,TRY,borsa_istanbul
BORLS.IS,BORLEASE OTOMOTIV,BIST,,,TR,TRY,borsa_istanbul
BORSK.IS,BOR SEKER,BIST,,,TR,TRY,borsa_istanbul
BOSSA.IS,BOSSA,BIST,,,TR,TRY,borsa_istanbul
BRISA.IS,BRISA,BIST,,,TR,TRY,borsa_istanbul
BRKVY.IS,BIRIKIM VARLIK YONETIM,BIST,,,TR,TRY,borsa_istanbul
BRLSM.IS,BIRLESIM MUHENDISLIK,BIST,,,TR,TRY,borsa_istanbul
BRSAN.IS,BORUSAN BORU SANAYI,BIST,,,TR,TRY,borsa_istanbul
BRYAT.IS,BORUSAN YAT. PAZ.,BIST,,,TR,TRY,borsa_istanbul
BSOKE.IS,BATISOKE CIMENTO,BIST,,,TR,TRY,borsa_istanbul
BTCIM.IS,BATI CIMENTO,BIST,,,TR,TRY,borsa_istanbul
BUCIM.IS,BURSA CIMENTO,BIST,,,TR,TRY,borsa_istanbul
BULGS.IS,BULLS GSYO,BIST,,,TR,TRY,borsa_istanbul
BURCE.IS,BURCELIK,BIST,,,TR,TRY,borsa_istanbul
BVSAN.IS,BULBULOGLU VINC,BIST,,,TR,TRY,borsa_istanbul
CANTE.IS,CAN2 TERMIK,BIST,,,TR,TRY,borsa_istanbul
CATES.IS,CATES ELEKTRIK,BIST,,,TR,TRY,borsa_istanbul
CCOLA.IS,COCA COLA ICECEK,BIST,,,TR,TRY,borsa_istanbul
CELHA.IS,CELIK HALAT,BIST,,,TR,TRY,borsa_istanbul
CEMAS.IS,CEMAS DOKUM,BIST,,,TR,TRY,borsa_istanbul
CEMTS.IS,CEMTAS,BIST,,,TR,TRY,borsa_istanbul
CEMZY.IS,CEM ZEYTIN,BIST,,,TR,TRY,borsa_istanbul
CEOEM.IS,CEO EVENT MEDYA,BIST,,,TR,TRY,borsa_istanbul
CGCAM.IS,CAGDAS CAM,BIST,,,TR,TRY,borsa_istanbul
CIMSA.IS,CIMSA,BIST,,,TR,TRY,borsa_istanbul
CLEBI.IS,CELEBI,BIST,,,TR,TRY,borsa_istanbul
CMBTN.IS,CIMBETON,BIST,,,TR,TRY,borsa_istanbul
CONSE.IS,CONSUS ENERJI,BIST,,,TR,TRY,borsa_istanbul
CRFSA.IS,CARREFOURSA,BIST,,,TR,TRY,borsa_istanbul
CUSAN.IS,CUHADAROGLU METAL,BIST,,,TR,TRY,borsa_istanbul
CVKMD.IS,CVK MADEN,BIST,,,TR,TRY,borsa_istanbul
CWENE.IS,CW ENERJI,BIST,,,TR,TRY,borsa_istanbul
DAGI.IS,DAGI GIYIM,BIST,,,TR,TRY,borsa_istanbul
DAPGM.IS,DAP GAYRIMENKUL,BIST,,,TR,TRY,borsa_istanbul
DARDL.IS,DARDANEL,BIST,,,TR,TRY,borsa_istanbul
DCTTR.IS,DCT TRADING DIS TICARET,BIST,,,TR,TRY,borsa_istanbul
DENGE.IS,DENGE HOLDING,BIST,,,TR,TRY,borsa_istanbul
DERHL.IS,DERLUKS YATIRIM HOLDING,BIST,,,TR,TRY,borsa_istanbul
DERIM.IS,DERIMOD,BIST,,,TR,TRY,borsa_istanbul
DESA.IS,DESA DERI,BIST,,,TR,TRY,borsa_istanbul
DESPC.IS,DESPEC BILGISAYAR,BIST,,,TR,TRY,borsa_istanbul
DEVA.IS,DEVA HOLDING,BIST,,,TR,TRY,borsa_istanbul
DGATE.IS,DATAGATE BILGISAYAR,BIST,,,TR,TRY,borsa_istanbul
DGNMO.IS,DOGANLAR MOBILYA,BIST,,,TR,TRY,borsa_istanbul
DITAS.IS,DITAS DOGAN,BIST,,,TR,TRY,borsa_istanbul
DMRGD.IS,DMR UNLU MAMULLER,BIST,,,TR,TRY,borsa_istanbul
DMSAS.IS,DEMISAS DOKUM,BIST,,,TR,TRY,borsa_istanbul
DNISI.IS,DINAMIK ISI MAKINA YALITIM,BIST,,,TR,TRY,borsa_istanbul
DOAS.IS,DOGUS OTOMOTIV,BIST,,,TR,TRY,borsa_istanbul
DOCO.IS,DO-CO,BIST,,,TR,TRY,borsa_istanbul
DOFER.IS,DOFER YAPI MALZEMELERI,BIST,,,TR,TRY,borsa_istanbul
DOFRB.IS,DOF ROBOTIK,BIST,,,TR,TRY,borsa_istanbul
DOHOL.IS,DOGAN HOLDING,BIST,,,TR,TRY,borsa_istanbul
DOKTA.IS,DOKTAS DOKUMCULUK,BIST,,,TR,TRY,borsa_istanbul
DSTKF.IS,DESTEK FINANS FAKTORING,BIST,,,TR,TRY,borsa_istanbul
DUNYH.IS,DUNYA HOLDING,BIST,,,TR,TRY,borsa_istanbul
DURDO.IS,DURAN DOGAN BASIM,BIST,,,TR,TRY,borsa_istanbul
DURKN.IS,DURUKAN SEKERLEME,BIST,,,TR,TRY,borsa_istanbul
DYOBY.IS,DYO BOYA,BIST,,,TR,TRY,borsa_istanbul
DZGYO.IS,DENIZ GMYO,BIST,,,TR,TRY,borsa_istanbul
EBEBK.IS,EBEBEK MAGAZACILIK,BIST,,,TR,TRY,borsa_istanbul
ECILC.IS,ECZACIBASI ILAC,BIST,,,TR,TRY,borsa_istanbul
ECOGR.IS,ECOGREEN ENERJI,BIST,,,TR,TRY,borsa_istanbul
ECZYT.IS,ECZACIBASI YATIRIM,BIST,,,TR,TRY,borsa_istanbul
EDATA.IS,E-DATA TEKNOLOJI,BIST,,,TR,TRY,borsa_istanbul
EDIP.IS,EDIP GAYRIMENKUL,BIST,,,TR,TRY,borsa_istanbul
EFOR.IS,EFOR YATIRIM,BIST,,,TR,TRY,borsa_istanbul
EGEEN.IS,EGE ENDUSTRI,BIST,,,TR,TRY,borsa_istanbul
EGEGY.IS,EGEYAPI AVRUPA GMYO,BIST,,,TR,TRY,borsa_istanbul
EGEPO.IS,NASMED EGEPOL,BIST,,,TR,TRY,borsa_istanbul
EGGUB.IS,EGE GUBRE,BIST,,,TR,TRY,borsa_istanbul
EGPRO.IS,EGE PROFIL,BIST,,,TR,TRY,borsa_istanbul
EGSER.IS,EGE SERAMIK,BIST,,,TR,TRY,borsa_istanbul
EKGYO.IS,EMLAK KONUT GMYO,BIST,,,TR,TRY,borsa_istanbul
EKOS.IS,EKOS TEKNOLOJI,BIST,,,TR,TRY,borsa_istanbul
EKSUN.IS,EKSUN GIDA,BIST,,,TR,TRY,borsa_istanbul
ELITE.IS,ELITE NATUREL ORGANIK GIDA,BIST,,,TR,TRY,borsa_istanbul
EMKEL.IS,EMEK ELEKTRIK,BIST,,,TR,TRY,borsa_istanbul
ENDAE.IS,ENDA ENERJI HOLDING,BIST,,,TR,TRY,borsa_istanbul
ENERY.IS,ENERYA ENERJI,BIST,,,TR,TRY,borsa_istanbul
ENJSA.IS,ENERJISA ENERJI,BIST,,,TR,TRY,borsa_istanbul
ENKAI.IS,ENKA INSAAT,BIST,,,TR,TRY,borsa_istanbul
ENSRI.IS,ENSARI SINAI YATIRIMLAR,BIST,,,TR,TRY,borsa_istanbul
ENTRA.IS,IC ENTERRA YEN. ENERJI,BIST,,,TR,TRY,borsa_istanbul
EPLAS.IS,EGEPLAST,BIST,,,TR,TRY,borsa_istanbul
ERBOS.IS,ERBOSAN,BIST,,,TR,TRY,borsa_istanbul
ERCB.IS,ERCIYAS CELIK BORU,BIST,,,TR,TRY,borsa_istanbul
EREGL.IS,EREGLI DEMIR CELIK,BIST,,,TR,TRY,borsa_istanbul
ESCAR.IS,ESCAR FILO,BIST,,,TR,TRY,borsa_istanbul
ESCOM.IS,ESCORT TEKNOLOJI,BIST,,,TR,TRY,borsa_istanbul
ESEN.IS,ESENBOGA ELEKTRIK,BIST,,,TR,TRY,borsa_istanbul
ETILR.IS,ETILER GIDA,BIST,,,TR,TRY,borsa_istanbul
EUPWR.IS,EUROPOWER ENERJI,BIST,,,TR,TRY,borsa_istanbul
EUREN.IS,EUROPEN ENDUSTRI,BIST,,,TR,TRY,borsa_istanbul
EYGYO.IS,EYG GMYO,BIST,,,TR,TRY,borsa_istanbul
FADE.IS,FADE GIDA,BIST,,,TR,TRY,borsa_istanbul
FENER.IS,FENERBAHCE FUTBOL,BIST,,,TR,TRY,borsa_istanbul
FMIZP.IS,F-M IZMIT PISTON,BIST,,,TR,TRY,borsa_istanbul
FONET.IS,FONET BILGI TEKNOLOJILERI,BIST,,,TR,TRY,borsa_istanbul
FORMT.IS,FORMET METAL VE CAM,BIST,,,TR,TRY,borsa_istanbul
FORTE.IS,FORTE BILGI ILETISIM,BIST,,,TR,TRY,borsa_istanbul
FRIGO.IS,FRIGO PAK GIDA,BIST,,,TR,TRY,borsa_istanbul
FROTO.IS,FORD OTOSAN,BIST,,,TR,TRY,borsa_istanbul
FZLGY.IS,FUZUL GMYO,BIST,,,TR,TRY,borsa_istanbul
GARAN.IS,GARANTI BANKASI,BIST,,,TR,TRY,borsa_istanbul
GARFA.IS,GARANTI FAKTORING,BIST,,,TR,TRY,borsa_istanbul
GEDIK.IS,GEDIK Y. MEN. DEG.,BIST,,,TR,TRY,borsa_istanbul
GEDZA.IS,GEDIZ AMBALAJ,BIST,,,TR,TRY,borsa_istanbul
GENIL.IS,GEN ILAC,BIST,,,TR,TRY,borsa_istanbul
GENTS.IS,GENTAS,BIST,,,TR,TRY,borsa_istanbul
GEREL.IS,GERSAN ELEKTRIK,BIST,,,TR,TRY,borsa_istanbul
GESAN.IS,GIRISIM ELEKTRIK SANAYI,BIST,,,TR,TRY,borsa_istanbul
GIPTA.IS,GIPTA OFIS KIRTASIYE,BIST,,,TR,TRY,borsa_istanbul
GLCVY.IS,GELECEK VARLIK YONETIMI,BIST,,,TR,TRY,borsa_istanbul
GLRMK.IS,GULERMAK AGIR SANAYI,BIST,,,TR,TRY,borsa_istanbul
GLRYH.IS,GULER YAT. HOLDING,BIST,,,TR,TRY,borsa_istanbul
GLYHO.IS,GLOBAL YAT. HOLDING,BIST,,,TR,TRY,borsa_istanbul
GMTAS.IS,GIMAT MAGAZACILIK,BIST,,,TR,TRY,borsa_istanbul
GOKNR.IS,GOKNUR GIDA,BIST,,,TR,TRY,borsa_istanbul
GOLTS.IS,GOLTAS CIMENTO,BIST,,,TR,TRY,borsa_istanbul
GOODY.IS,GOOD-YEAR,BIST,,,TR,TRY,borsa_istanbul
GOZDE.IS,GOZDE GIRISIM,BIST,,,TR,TRY,borsa_istanbul
GRSEL.IS,GUR-SEL TURIZM TASIMACILIK,BIST,,,TR,TRY,borsa_istanbul
GRTHO.IS,GRAINTURK HOLDING,BIST,,,TR,TRY,borsa_istanbul
GSDHO.IS,GSD HOLDING,BIST,,,TR,TRY,borsa_istanbul
GSRAY.IS,GALATASARAY SPORTIF,BIST,,,TR,TRY,borsa_istanbul
GUBRF.IS,GUBRE FABRIK.,BIST,,,TR,TRY,borsa_istanbul
GUNDG.IS,GUNDOGDU GIDA,BIST,,,TR,TRY,borsa_istanbul
GWIND.IS,GALATA WIND ENERJI,BIST,,,TR,TRY,borsa_istanbul
GZNMI.IS,GEZINOMI SEYAHAT,BIST,,,TR,TRY,borsa_istanbul
HALKB.IS,T. HALK BANKASI,BIST,,,TR,TRY,borsa_istanbul
HATEK.IS,HATAY TEKSTIL,BIST,,,TR,TRY,borsa_istanbul
HATSN.IS,HATSAN GEMI,BIST,,,TR,TRY,borsa_istanbul
HDFGS.IS,HEDEF GIRISIM,BIST,,,TR,TRY,borsa_istanbul
HEDEF.IS,HEDEF HOLDING,BIST,,,TR,TRY,borsa_istanbul
HEKTS.IS,HEKTAS,BIST,,,TR,TRY,borsa_istanbul
HKTM.IS,HIDROPAR HAREKET KONTROL,BIST,,,TR,TRY,borsa_istanbul
HLGYO.IS,HALK GMYO,BIST,,,TR,TRY,borsa_istanbul
HOROZ.IS,HOROZ LOJISTIK,BIST,,,TR,TRY,borsa_istanbul
HRKET.IS,HAREKET PROJE TASIMACILIGI,BIST,,,TR,TRY,borsa_istanbul
HTTBT.IS,HITIT BILGISAYAR,BIST,,,TR,TRY,borsa_istanbul
HUNER.IS,HUN YENILENEBILIR ENERJI,BIST,,,TR,TRY,borsa_istanbul
HURGZ.IS,HURRIYET GZT.,BIST,,,TR,TRY,borsa_istanbul
ICBCT.IS,ICBC TURKEY BANK,BIST,,,TR,TRY,borsa_istanbul
ICUGS.IS,ICU GIRISIM,BIST,,,TR,TRY,borsa_istanbul
IEYHO.IS,ISIKLAR ENERJI YAPI HOL.,BIST,,,TR,TRY,borsa_istanbul
IHAAS.IS,IHLAS HABER AJANSI,BIST,,,TR,TRY,borsa_istanbul
IHGZT.IS,IHLAS GAZETECILIK,BIST,,,TR,TRY,borsa_istanbul
IHLAS.IS,IHLAS HOLDING,BIST,,,TR,TRY,borsa_istanbul
IHLGM.IS,IHLAS GAYRIMENKUL,BIST,,,TR,TRY,borsa_istanbul
IHYAY.IS,IHLAS YAYIN HOLDING,BIST,,,TR,TRY,borsa_istanbul
IMASM.IS,IMAS MAKINA,BIST,,,TR,TRY,borsa_istanbul
INDES.IS,INDEKS BILGISAYAR,BIST,,,TR,TRY,borsa_istanbul
INFO.IS,INFO YATIRIM,BIST,,,TR,TRY,borsa_istanbul
INGRM.IS,INGRAM BILISIM,BIST,,,TR,TRY,borsa_istanbul
INTEM.IS,INTEMA,BIST,,,TR,TRY,borsa_istanbul
INVEO.IS,INVEO YATIRIM HOLDING,BIST,,,TR,TRY,borsa_istanbul
INVES.IS,INVESTCO HOLDING,BIST,,,TR,TRY,borsa_istanbul
ISCTR.IS,IS BANKASI (C),BIST,,,TR,TRY,borsa_istanbul
ISDMR.IS,ISKENDERUN DEMIR CELIK,BIST,,,TR,TRY,borsa_istanbul
ISFIN.IS,IS FIN.KIR.,BIST,,,TR,TRY,borsa_istanbul
ISGSY.IS,IS GIRISIM,BIST,,,TR,TRY,borsa_istanbul
ISGYO.IS,IS GMYO,BIST,,,TR,TRY,borsa_istanbul
ISKPL.IS,ISIK PLASTIK,BIST,,,TR,TRY,borsa_istanbul
ISMEN.IS,IS Y. MEN. DEG.,BIST,,,TR,TRY,borsa_istanbul
IZENR.IS,IZDEMIR ENERJI,BIST,,,TR,TRY,borsa_istanbul
IZFAS.IS,IZMIR FIRCA,BIST,,,TR,TRY,borsa_istanbul
IZMDC.IS,IZMIR DEMIR CELIK,BIST,,,TR,TRY,borsa_istanbul
JANTS.IS,JANTSA JANT SANAYI,BIST,,,TR,TRY,borsa_istanbul
KAPLM.IS,KAPLAMIN,BIST,,,TR,TRY,borsa_istanbul
KAREL.IS,KAREL ELEKTRONIK,BIST,,,TR,TRY,borsa_istanbul
KARSN.IS,KARSAN OTOMOTIV,BIST,,,TR,TRY,borsa_istanbul
KARTN.IS,KARTONSAN,BIST,,,TR,TRY,borsa_istanbul
KATMR.IS,KATMERCILER EKIPMAN,BIST,,,TR,TRY,borsa_istanbul
KAYSE.IS,KAYSERI SEKER FABRIKASI,BIST,,,TR,TRY,borsa_istanbul
KBORU.IS,KUZEY BORU,BIST,,,TR,TRY,borsa_istanbul
KCAER.IS,KOCAER CELIK,BIST,,,TR,TRY,borsa_istanbul
KCHOL.IS,KOC HOLDING,BIST,,,TR,TRY,borsa_istanbul
KFEIN.IS,KAFEIN YAZILIM,BIST,,,TR,TRY,borsa_istanbul
KGYO.IS,KORAY GMYO,BIST,,,TR,TRY,borsa_istanbul
KIMMR.IS,KIM MARKET-ERSAN ALISVERIS,BIST,,,TR,TRY,borsa_istanbul
KLGYO.IS,KILER GMYO,BIST,,,TR,TRY,borsa_istanbul
KLKIM.IS,KALEKIM KIMYEVI MADDELER,BIST,,,TR,TRY,borsa_istanbul
KLMSN.IS,KLIMASAN KLIMA,BIST,,,TR,TRY,borsa_istanbul
KLRHO.IS,KILER HOLDING,BIST,,,TR,TRY,borsa_istanbul
KLSER.IS,KALESERAMIK,BIST,,,TR,TRY,borsa_istanbul
KLSYN.IS,KOLEKSIYON MOBILYA,BIST,,,TR,TRY,borsa_istanbul
KLYPV.IS,KALYON GUNES TEKNOLOJILERI,BIST,,,TR,TRY,borsa_istanbul
KMPUR.IS,KIMTEKS POLIURETAN,BIST,,,TR,TRY,borsa_istanbul
KNFRT.IS,KONFRUT TARIM,BIST,,,TR,TRY,borsa_istanbul
KOCMT.IS,KOC METALURJI,BIST,,,TR,TRY,borsa_istanbul
KONKA.IS,KONYA KAGIT,BIST,,,TR,TRY,borsa_istanbul
KONTR.IS,KONTROLMATIK TEKNOLOJI,BIST,,,TR,TRY,borsa_istanbul
KONYA.IS,KONYA CIMENTO,BIST,,,TR,TRY,borsa_istanbul
KOPOL.IS,KOZA POLYESTER,BIST,,,TR,TRY,borsa_istanbul
KORDS.IS,KORDSA TEKNIK TEKSTIL,BIST,,,TR,TRY,borsa_istanbul
KOTON.IS,KOTON MAGAZACILIK,BIST,,,TR,TRY,borsa_istanbul
KRDMD.IS,KARDEMIR (D),BIST,,,TR,TRY,borsa_istanbul
KRGYO.IS,KORFEZ GMYO,BIST,,,TR,TRY,borsa_istanbul
KRONT.IS,KRON TEKNOLOJI,BIST,,,TR,TRY,borsa_istanbul
KRPLS.IS,KOROPLAST TEMIZLIK AMBALAJ,BIST,,,TR,TRY,borsa_istanbul
KRSTL.IS,KRISTAL KOLA,BIST,,,TR,TRY,borsa_istanbul
KRTEK.IS,KARSU TEKSTIL,BIST,,,TR,TRY,borsa_istanbul
KRVGD.IS,KERVAN GIDA,BIST,,,TR,TRY,borsa_istanbul
KTLEV.IS,KATILIMEVIM TAS. FIN.,BIST,,,TR,TRY,borsa_istanbul
KTSKR.IS,KUTAHYA SEKER FABRIKASI,BIST,,,TR,TRY,borsa_istanbul
KUTPO.IS,KUTAHYA PORSELEN,BIST,,,TR,TRY,borsa_istanbul
KUYAS.IS,KUYAS YATIRIM,BIST,,,TR,TRY,borsa_istanbul
KZBGY.IS,KIZILBUK GYO,BIST,,,TR,TRY,borsa_istanbul
KZGYO.IS,KUZUGRUP GMYO,BIST,,,TR,TRY,borsa_istanbul
LIDER.IS,LDR TURIZM,BIST,,,TR,TRY,borsa_istanbul
LIDFA.IS,LIDER FAKTORING,BIST,,,TR,TRY,borsa_istanbul
LILAK.IS,LILA KAGIT,BIST,,,TR,TRY,borsa_istanbul
LINK.IS,LINK BILGISAYAR,BIST,,,TR,TRY,borsa_istanbul
LKMNH.IS,LOKMAN HEKIM SAGLIK,BIST,,,TR,TRY,borsa_istanbul
LMKDC.IS,LIMAK DOGU ANADOLU,BIST,,,TR,TRY,borsa_istanbul
LOGO.IS,LOGO YAZILIM,BIST,,,TR,TRY,borsa_istanbul
LRSHO.IS,LORAS HOLDING,BIST,,,TR,TRY,borsa_istanbul
LUKSK.IS,LUKS KADIFE,BIST,,,TR,TRY,borsa_istanbul
LYDHO.IS,LYDIA HOLDING,BIST,,,TR,TRY,borsa_istanbul
LYDYE.IS,LYDIA YESIL ENERJI,BIST,,,TR,TRY,borsa_istanbul
MAALT.IS,MARMARIS ALTINYUNUS,BIST,,,TR,TRY,borsa_istanbul
MACKO.IS,MACKOLIK INTERNET HIZMETLERI,BIST,,,TR,TRY,borsa_istanbul
MAGEN.IS,MARGUN ENERJI,BIST,,,TR,TRY,borsa_istanbul
MAKIM.IS,MAKIM MAKINE,BIST,,,TR,TRY,borsa_istanbul
MAKTK.IS,MAKINA TAKIM,BIST,,,TR,TRY,borsa_istanbul
MANAS.IS,MANAS ENERJI YONETIMI,BIST,,,TR,TRY,borsa_istanbul
MARBL.IS,TUREKS TURUNC MADENCILIK,BIST,,,TR,TRY,borsa_istanbul
MARKA.IS,MARKA YATIRIM HOLDING,BIST,,,TR,TRY,borsa_istanbul
MARMR.IS,MARMARA HOLDING,BIST,,,TR,TRY,borsa_istanbul
MARTI.IS,MARTI OTEL,BIST,,,TR,TRY,borsa_istanbul
MAVI.IS,MAVI GIYIM,BIST,,,TR,TRY,borsa_istanbul
MEDTR.IS,MEDITERA TIBBI MALZEME,BIST,,,TR,TRY,borsa_istanbul
MEGMT.IS,MEGA METAL,BIST,,,TR,TRY,borsa_istanbul
MEKAG.IS,MEKA GLOBAL MAKINE,BIST,,,TR,TRY,borsa_istanbul
MERCN.IS,MERCAN KIMYA,BIST,,,TR,TRY,borsa_istanbul
MERIT.IS,MERIT TURIZM,BIST,,,TR,TRY,borsa_istanbul
MERKO.IS,MERKO GIDA,BIST,,,TR,TRY,borsa_istanbul
METRO.IS,METRO HOLDING,BIST,,,TR,TRY,borsa_istanbul
MGROS.IS,MIGROS TICARET,BIST,,,TR,TRY,borsa_istanbul
MHRGY.IS,MHR GMYO,BIST,,,TR,TRY,borsa_istanbul
MIATK.IS,MIA TEKNOLOJI,BIST,,,TR,TRY,borsa_istanbul
MNDRS.IS,MENDERES TEKSTIL,BIST,,,TR,TRY,borsa_istanbul
MNDTR.IS,MONDI TURKEY,BIST,,,TR,TRY,borsa_istanbul
MOBTL.IS,MOBILTEL ILETISIM,BIST,,,TR,TRY,borsa_istanbul
MOGAN.IS,MOGAN ENERJI,BIST,,,TR,TRY,borsa_istanbul
MOPAS.IS,MOPAS MARKETCILIK,BIST,,,TR,TRY,borsa_istanbul
MPARK.IS,MLP SAGLIK,BIST,,,TR,TRY,borsa_istanbul
MRGYO.IS,MARTI GMYO,BIST,,,TR,TRY,borsa_istanbul
MRSHL.IS,MARSHALL,BIST,,,TR,TRY,borsa_istanbul
MSGYO.IS,MISTRAL GMYO,BIST,,,TR,TRY,borsa_istanbul
MTRKS.IS,MATRIKS FINANSAL TEKNOLOJILER,BIST,,,TR,TRY,borsa_istanbul
NATEN.IS,NATUREL ENERJI,BIST,,,TR,TRY,borsa_istanbul
NETAS.IS,NETAS TELEKOM.,BIST,,,TR,TRY,borsa_istanbul
NIBAS.IS,NIGBAS NIGDE BETON,BIST,,,TR,TRY,borsa_istanbul
NTGAZ.IS,NATURELGAZ,BIST,,,TR,TRY,borsa_istanbul
NTHOL.IS,NET HOLDING,BIST,,,TR,TRY,borsa_istanbul
NUGYO.IS,NUROL GMYO,BIST,,,TR,TRY,borsa_istanbul
NUHCM.IS,NUH CIMENTO,BIST,,,TR,TRY,borsa_istanbul
OBAMS.IS,OBA MAKARNACILIK,BIST,,,TR,TRY,borsa_istanbul
OBASE.IS,OBASE BILGISAYAR,BIST,,,TR,TRY,borsa_istanbul
ODAS.IS,ODAS ELEKTRIK,BIST,,,TR,TRY,borsa_istanbul
ODINE.IS,ODINE TEKNOLOJI,BIST,,,TR,TRY,borsa_istanbul
OFSYM.IS,OFIS YEM GIDA,BIST,,,TR,TRY,borsa_istanbul
ONCSM.IS,ONCOSEM ONKOLOJIK SISTEMLER,BIST,,,TR,TRY,borsa_istanbul
ONRYT.IS,ONUR TEKNOLOJI,BIST,,,TR,TRY,borsa_istanbul
ORGE.IS,ORGE ENERJI ELEKTRIK,BIST,,,TR,TRY,borsa_istanbul
OSMEN.IS,OSMANLI MENKUL,BIST,,,TR,TRY,borsa_istanbul
OSTIM.IS,OSTIM ENDUSTRIYEL YAT,BIST,,,TR,TRY,borsa_istanbul
OTKAR.IS,OTOKAR,BIST,,,TR,TRY,borsa_istanbul
OTTO.IS,OTTO HOLDING,BIST,,,TR,TRY,borsa_istanbul
OYAKC.IS,OYAK CIMENTO,BIST,,,TR,TRY,borsa_istanbul
OYYAT.IS,OYAK YATIRIM MENKUL,BIST,,,TR,TRY,borsa_istanbul
OZATD.IS,OZATA DENIZCILIK,BIST,,,TR,TRY,borsa_istanbul
OZGYO.IS,OZDERICI GMYO,BIST,,,TR,TRY,borsa_istanbul
OZKGY.IS,OZAK GMYO,BIST,,,TR,TRY,borsa_istanbul
OZSUB.IS,OZSU BALIK,BIST,,,TR,TRY,borsa_istanbul
OZYSR.IS,OZYASAR TEL,BIST,,,TR,TRY,borsa_istanbul
PAGYO.IS,PANORA GMYO,BIST,,,TR,TRY,borsa_istanbul
PAHOL.IS,PASIFIK HOLDING,BIST,,,TR,TRY,borsa_istanbul
PAMEL.IS,PAMEL ELEKTRIK,BIST,,,TR,TRY,borsa_istanbul
PAPIL.IS,PAPILON SAVUNMA,BIST,,,TR,TRY,borsa_istanbul
PARSN.IS,PARSAN,BIST,,,TR,TRY,borsa_istanbul
PASEU.IS,PASIFIK EURASIA LOJISTIK,BIST,,,TR,TRY,borsa_istanbul
PATEK.IS,PASIFIK TEKNOLOJI,BIST,,,TR,TRY,borsa_istanbul
PCILT.IS,PC ILETISIM MEDYA,BIST,,,TR,TRY,borsa_istanbul
PEKGY.IS,PEKER GMYO,BIST,,,TR,TRY,borsa_istanbul
PENGD.IS,PENGUEN GIDA,BIST,,,TR,TRY,borsa_istanbul
PENTA.IS,PENTA TEKNOLOJI URUNLERI DAGITIM,BIST,,,TR,TRY,borsa_istanbul
PETKM.IS,PETKIM,BIST,,,TR,TRY,borsa_istanbul
PETUN.IS,PINAR ET VE UN,BIST,,,TR,TRY,borsa_istanbul
PGSUS.IS,PEGASUS,BIST,,,TR,TRY,borsa_istanbul
PINSU.IS,PINAR SU,BIST,,,TR,TRY,borsa_istanbul
PKART.IS,PLASTIKKART,BIST,,,TR,TRY,borsa_istanbul
PKENT.IS,PETROKENT TURIZM,BIST,,,TR,TRY,borsa_istanbul
PLTUR.IS,PLATFORM TURIZM,BIST,,,TR,TRY,borsa_istanbul
PNLSN.IS,PANELSAN CATI CEPHE,BIST,,,TR,TRY,borsa_istanbul
PNSUT.IS,PINAR SUT,BIST,,,TR,TRY,borsa_istanbul
POLHO.IS,POLISAN HOLDING,BIST,,,TR,TRY,borsa_istanbul
POLTK.IS,POLITEKNIK METAL,BIST,,,TR,TRY,borsa_istanbul
PRDGS.IS,PARDUS GIRISIM,BIST,,,TR,TRY,borsa_istanbul
PRKAB.IS,TURK PRYSMIAN KABLO,BIST,,,TR,TRY,borsa_istanbul
PRKME.IS,PARK ELEK.MADENCILIK,BIST,,,TR,TRY,borsa_istanbul
PSGYO.IS,PASIFIK GMYO,BIST,,,TR,TRY,borsa_istanbul
QUAGR.IS,QUA GRANITE HAYAL YAPI,BIST,,,TR,TRY,borsa_istanbul
RALYH.IS,RAL YATIRIM HOLDING,BIST,,,TR,TRY,borsa_istanbul
RAYSG.IS,RAY SIGORTA,BIST,,,TR,TRY,borsa_istanbul
REEDR.IS,REEDER TEKNOLOJI,BIST,,,TR,TRY,borsa_istanbul
RGYAS.IS,RONESANS GAYRIMENKUL YAT.,BIST,,,TR,TRY,borsa_istanbul
RTALB.IS,RTA LABORATUVARLARI,BIST,,,TR,TRY,borsa_istanbul
RUBNS.IS,RUBENIS TEKSTIL,BIST,,,TR,TRY,borsa_istanbul
RUZYE.IS,RUZY MADENCILIK VE ENERJI,BIST,,,TR,TRY,borsa_istanbul
RYGYO.IS,REYSAS GMYO,BIST,,,TR,TRY,borsa_istanbul
RYSAS.IS,REYSAS LOJISTIK,BIST,,,TR,TRY,borsa_istanbul
SAFKR.IS,SAFKAR EGE SOGUTMACILIK,BIST,,,TR,TRY,borsa_istanbul
SAHOL.IS,SABANCI HOLDING,BIST,,,TR,TRY,borsa_istanbul
SANFM.IS,SANIFOAM ENDUSTRI,BIST,,,TR,TRY,borsa_istanbul
SARKY.IS,SARKUYSAN,BIST,,,TR,TRY,borsa_istanbul
SASA.IS,SASA POLYESTER,BIST,,,TR,TRY,borsa_istanbul
SAYAS.IS,SAY YENILENEBILIR ENERJI,BIST,,,TR,TRY,borsa_istanbul
SDTTR.IS,SDT UZAY VE SAVUNMA,BIST,,,TR,TRY,borsa_istanbul
SEGMN.IS,SEGMEN KARDESLER GIDA,BIST,,,TR,TRY,borsa_istanbul
SEGYO.IS,SEKER GMYO,BIST,,,TR,TRY,borsa_istanbul
SELEC.IS,SELCUK ECZA DEPOSU,BIST,,,TR,TRY,borsa_istanbul
SELVA.IS,SELVA GIDA,BIST,,,TR,TRY,borsa_istanbul
SERNT.IS,SERANIT GRANIT SERAMIK,BIST,,,TR,TRY,borsa_istanbul
SISE.IS,SISE CAM,BIST,,,TR,TRY,borsa_istanbul
SKBNK.IS,SEKERBANK,BIST,,,TR,TRY,borsa_istanbul
SKTAS.IS,SOKTAS,BIST,,,TR,TRY,borsa_istanbul
SKYMD.IS,SEKER YATIRIM,BIST,,,TR,TRY,borsa_istanbul
SMART.IS,SMARTIKS YAZILIM,BIST,,,TR,TRY,borsa_istanbul
SMRTG.IS,SMART GUNES ENERJISI TEK.,BIST,,,TR,TRY,borsa_istanbul
SMRVA.IS,SUMER VARLIK YONETIM,BIST,,,TR,TRY,borsa_istanbul
SNGYO.IS,SINPAS GMYO,BIST,,,TR,TRY,borsa_istanbul
SNICA.IS,SANICA ISI SANAYI,BIST,,,TR,TRY,borsa_istanbul
SOKE.IS,SOKE DEGIRMENCILIK,BIST,,,TR,TRY,borsa_istanbul
SOKM.IS,SOK MARKETLER TICARET,BIST,,,TR,TRY,borsa_istanbul
SRVGY.IS,SERVET GMYO,BIST,,,TR,TRY,borsa_istanbul
SUNTK.IS,SUN TEKSTIL,BIST,,,TR,TRY,borsa_istanbul
SURGY.IS,SUR TATIL EVLERI GMYO,BIST,,,TR,TRY,borsa_istanbul
SUWEN.IS,SUWEN TEKSTIL,BIST,,,TR,TRY,borsa_istanbul
TABGD.IS,TAB GIDA,BIST,,,TR,TRY,borsa_istanbul
TARKM.IS,TARKIM BITKI KORUMA,BIST,,,TR,TRY,borsa_istanbul
TATEN.IS,TATLIPINAR ENERJI URETIM,BIST,,,TR,TRY,borsa_istanbul
TATGD.IS,TAT GIDA,BIST,,,TR,TRY,borsa_istanbul
TAVHL.IS,TAV HAVALIMANLARI,BIST,,,TR,TRY,borsa_istanbul
TBORG.IS,T.TUBORG,BIST,,,TR,TRY,borsa_istanbul
TCELL.IS,TURKCELL,BIST,,,TR,TRY,borsa_istanbul
TCKRC.IS,KIRAC GALVANIZ,BIST,,,TR,TRY,borsa_istanbul
TEHOL.IS,TERA YATIRIM TEK. HOL.,BIST,,,TR,TRY,borsa_istanbul
TEKTU.IS,TEK-ART TURIZM,BIST,,,TR,TRY,borsa_istanbul
TERA.IS,TERA YATIRIM MENKUL DEGERLER,BIST,,,TR,TRY,borsa_istanbul
TEZOL.IS,EUROPAP TEZOL KAGIT,BIST,,,TR,TRY,borsa_istanbul
TGSAS.IS,TGS DIS TICARET,BIST,,,TR,TRY,borsa_istanbul
THYAO.IS,TURK HAVA YOLLARI,BIST,,,TR,TRY,borsa_istanbul
TKFEN.IS,TEKFEN HOLDING,BIST,,,TR,TRY,borsa_istanbul
TKNSA.IS,TEKNOSA IC VE DIS TICARET,BIST,,,TR,TRY,borsa_istanbul
TLMAN.IS,TRABZON LIMAN,BIST,,,TR,TRY,borsa_istanbul
TMPOL.IS,TEMAPOL POLIMER PLASTIK,BIST,,,TR,TRY,borsa_istanbul
TMSN.IS,TUMOSAN MOTOR VE TRAKTOR,BIST,,,TR,TRY,borsa_istanbul
TNZTP.IS,TAPDI TINAZTEPE,BIST,,,TR,TRY,borsa_istanbul
TOASO.IS,TOFAS OTO. FAB.,BIST,,,TR,TRY,borsa_istanbul
TRALT.IS,TURK ALTIN ISLETMELERI,BIST,,,TR,TRY,borsa_istanbul
TRCAS.IS,TURCAS HOLDING,BIST,,,TR,TRY,borsa_istanbul
TRENJ.IS,TR DOGAL ENERJI,BIST,,,TR,TRY,borsa_istanbul
TRGYO.IS,TORUNLAR GMYO,BIST,,,TR,TRY,borsa_istanbul
TRILC.IS,TURK ILAC SERUM,BIST,,,TR,TRY,borsa_istanbul
TRMET.IS,TR ANADOLU METAL MADENCILIK,BIST,,,TR,TRY,borsa_istanbul
TSGYO.IS,TSKB GMYO,BIST,,,TR,TRY,borsa_istanbul
TSKB.IS,T.S.K.B.,BIST,,,TR,TRY,borsa_istanbul
TSPOR.IS,TRABZONSPOR SPORTIF,BIST,,,TR,TRY,borsa_istanbul
TTKOM.IS,TURK TELEKOM,BIST,,,TR,TRY,borsa_istanbul
TTRAK.IS,TURK TRAKTOR,BIST,,,TR,TRY,borsa_istanbul
TUCLK.IS,TUGCELIK,BIST,,,TR,TRY,borsa_istanbul
TUKAS.IS,TUKAS,BIST,,,TR,TRY,borsa_istanbul
TUPRS.IS,TUPRAS,BIST,,,TR,TRY,borsa_istanbul
TUREX.IS,TUREKS TURIZM TASIMACILIK,BIST,,,TR,TRY,borsa_istanbul
TURGG.IS,TURKER PROJE GAYRIMENKUL,BIST,,,TR,TRY,borsa_istanbul
TURSG.IS,TURKIYE SIGORTA,BIST,,,TR,TRY,borsa_istanbul
UFUK.IS,UFUK YATIRIM,BIST,,,TR,TRY,borsa_istanbul
ULKER.IS,ULKER BISKUVI,BIST,,,TR,TRY,borsa_istanbul
ULUFA.IS,ULUSAL FAKTORING,BIST,,,TR,TRY,borsa_istanbul
ULUSE.IS,ULUSOY ELEKTRIK,BIST,,,TR,TRY,borsa_istanbul
ULUUN.IS,ULUSOY UN SANAYI,BIST,,,TR,TRY,borsa_istanbul
UNLU.IS,UNLU YATIRIM HOLDING,BIST,,,TR,TRY,borsa_istanbul
USAK.IS,USAK SERAMIK,BIST,,,TR,TRY,borsa_istanbul
VAKBN.IS,VAKIFLAR BANKASI,BIST,,,TR,TRY,borsa_istanbul
VAKFA.IS,VAKIF FAKTORING,BIST,,,TR,TRY,borsa_istanbul
VAKFN.IS,VAKIF FIN. KIR.,BIST,,,TR,TRY,borsa_istanbul
VAKKO.IS,VAKKO TEKSTIL,BIST,,,TR,TRY,borsa_istanbul
VBTYZ.IS,VBT YAZILIM,BIST,,,TR,TRY,borsa_istanbul
VERTU.IS,VERUSATURK GIRISIM,BIST,,,TR,TRY,borsa_istanbul
VERUS.IS,VERUSA HOLDING,BIST,,,TR,TRY,borsa_istanbul
VESBE.IS,VESTEL BEYAZ ESYA,BIST,,,TR,TRY,borsa_istanbul
VESTL.IS,VESTEL,BIST,,,TR,TRY,borsa_istanbul
VKGYO.IS,VAKIF GMYO,BIST,,,TR,TRY,borsa_istanbul
VKING.IS,VIKING KAGIT,BIST,,,TR,TRY,borsa_istanbul
VRGYO.IS,VERA KONSEPT GMYO,BIST,,,TR,TRY,borsa_istanbul
VSNMD.IS,VISNE MADENCILIK,BIST,,,TR,TRY,borsa_istanbul
YAPRK.IS,YAPRAK SUT VE BESI CIFT.,BIST,,,TR,TRY,borsa_istanbul
YATAS.IS,YATAS,BIST,,,TR,TRY,borsa_istanbul
YAYLA.IS,YAYLA EN. UR. TUR. VE INS,BIST,,,TR,TRY,borsa_istanbul
YEOTK.IS,YEO TEKNOLOJI ENERJI,BIST,,,TR,TRY,borsa_istanbul
YGGYO.IS,YENI GIMAT GMYO,BIST,,,TR,TRY,borsa_istanbul
YIGIT.IS,YIGIT AKU,BIST,,,TR,TRY,borsa_istanbul
YKBNK.IS,YAPI VE KREDI BANK.,BIST,,,TR,TRY,borsa_istanbul
YKSLN.IS,YUKSELEN CELIK,BIST,,,TR,TRY,borsa_istanbul
YUNSA.IS,YUNSA,BIST,,,TR,TRY,borsa_istanbul
YYLGD.IS,YAYLA GIDA,BIST,,,TR,TRY,borsa_istanbul
ZEDUR.IS,ZEDUR ENERJI,BIST,,,TR,TRY,borsa_istanbul
ZERGY.IS,ZERAY GMYO,BIST,,,TR,TRY,borsa_istanbul
ZOREN.IS,ZORLU ENERJI,BIST,,,TR,TRY,borsa_istanbul
ZRGYO.IS,ZIRAAT GMYO,BIST,,,TR,TRY,borsa_istanbul
